epoch,time,train/box_loss,train/cls_loss,train/dfl_loss,metrics/precision(B),metrics/recall(B),metrics/mAP50(B),metrics/mAP50-95(B),metrics/custom_mean_bbox_IoU,metrics/custom_mean_bbox_Dice,metrics/custom_cls_accuracy/abnormality,metrics/custom_cls_precision/abnormality,metrics/custom_cls_recall/abnormality,metrics/custom_cls_f1/abnormality,metrics/custom_cls_auroc/abnormality,metrics/custom_cls_accuracy/text,metrics/custom_cls_precision/text,metrics/custom_cls_recall/text,metrics/custom_cls_f1/text,metrics/custom_cls_auroc/text,val/box_loss,val/cls_loss,val/dfl_loss,lr/pg0,lr/pg1,lr/pg2
1,8.16853,3.55407,4.36146,0.06134,0,0,0,0,0,0,0.58228,0,0,0,0.5,0.46835,0,0,0,0.5,3.52055,3.8435,0.0772,4.287e-05,4.287e-05,4.287e-05
2,16.0159,3.63209,4.25422,0.06732,0,0,0,0,0,0,0.58228,0,0,0,0.5,0.46835,0,0,0,0.5,3.52087,3.84356,0.07722,0.000100027,0.000100027,0.000100027
3,25.7381,3.31295,4.17759,0.05509,0.00027,0.06918,0.00018,5e-05,0.62011,0.76384,0.58228,0,0,0,0.5,0.46835,0,0,0,0.5,3.5221,3.84385,0.07724,0.000157173,0.000157173,0.000157173
4,37.8627,3.23507,4.05981,0.05415,0,0,0,0,0.62011,0.76384,0.58228,0,0,0,0.5,0.46835,0,0,0,0.5,3.52132,3.84241,0.07721,0.000214298,0.000214298,0.000214298
5,47.9349,2.99282,3.85043,0.04665,0,0,0,0,0.62011,0.76384,0.58228,0,0,0,0.5,0.46835,0,0,0,0.5,3.52047,3.84262,0.07718,0.000271392,0.000271392,0.000271392
6,57.8788,2.75026,3.49048,0.04418,0,0,0,0,0.62011,0.76384,0.58228,0,0,0,0.5,0.46835,0,0,0,0.5,3.51863,3.84296,0.07714,0.000328447,0.000328447,0.000328447
7,67.223,2.66667,3.06669,0.03949,0,0,0,0,0.62011,0.76384,0.58228,0,0,0,0.5,0.46835,0,0,0,0.5,3.51502,3.84342,0.07698,0.000385453,0.000385453,0.000385453
8,76.3629,2.6424,2.71676,0.03716,0.00027,0.06918,0.00018,5e-05,0.62006,0.76381,0.58228,0,0,0,0.5,0.46835,0,0,0,0.5,3.5067,3.84187,0.07673,0.000442401,0.000442401,0.000442401
9,86.2509,2.59135,2.4692,0.03779,0.00028,0.06918,0.00019,5e-05,0.6188,0.76279,0.58228,0,0,0,0.5,0.46835,0,0,0,0.5,3.50312,3.84227,0.07647,0.000499282,0.000499282,0.000499282
10,96.2371,2.55591,2.42111,0.03544,0,0,0,0,0.6188,0.76279,0.58228,0,0,0,0.49499,0.46835,0,0,0,0.50024,3.4893,3.83809,0.0759,0.000556086,0.000556086,0.000556086
11,105.388,2.39352,2.28301,0.03262,0,0,0,0,0.6188,0.76279,0.58228,0,0,0,0.49379,0.46835,0,0,0,0.50302,3.46886,3.8303,0.07502,0.000612804,0.000612804,0.000612804
12,114.167,2.41411,2.22979,0.03399,0.00053,0.07612,0.00031,7e-05,0.61252,0.75813,0.58228,0,0,0,0.48446,0.46835,0,0,0,0.50497,3.44435,3.82189,0.07411,0.000669427,0.000669427,0.000669427
13,123.802,2.31062,2.20851,0.03318,0.00203,0.19897,0.00133,0.00042,0.62078,0.76452,0.58228,0,0,0,0.47552,0.46835,0,0,0,0.50616,3.42863,3.81912,0.07375,0.000725945,0.000725945,0.000725945
14,134.447,2.25605,2.17376,0.03119,0.00224,0.21792,0.00565,0.00096,0.63324,0.77368,0.58228,0,0,0,0.47521,0.46835,0,0,0,0.50698,3.37264,3.80106,0.07183,0.00078235,0.00078235,0.00078235
15,145.001,2.17541,2.12241,0.02966,0.00324,0.30702,0.02507,0.00333,0.6294,0.77017,0.58228,0,0,0,0.47692,0.46835,0,0,0,0.50515,3.27727,3.7751,0.06873,0.000838633,0.000838633,0.000838633
16,156.026,2.0916,2.00088,0.02734,0.00516,0.4838,0.16073,0.02261,0.62147,0.76399,0.58228,0,0,0,0.4785,0.46835,0,0,0,0.50494,3.10878,3.73171,0.06295,0.000894784,0.000894784,0.000894784
17,167.391,2.15838,2.00393,0.02809,0.00519,0.49431,0.20191,0.04445,0.62634,0.76783,0.58228,0,0,0,0.46102,0.46835,0,0,0,0.50776,2.91258,3.66282,0.05479,0.000950793,0.000950793,0.000950793
18,177.891,2.05789,1.92544,0.02543,0.00545,0.5096,0.20905,0.06345,0.63786,0.77643,0.58228,0,0,0,0.4282,0.46835,0,0,0,0.51852,2.67404,3.61545,0.04816,0.00100665,0.00100665,0.00100665
19,188.071,1.98725,1.86661,0.02604,0.00561,0.5096,0.18192,0.07303,0.64929,0.7848,0.58228,0,0,0,0.40042,0.46835,0,0,0,0.55122,2.5541,3.5411,0.0423,0.00106235,0.00106235,0.00106235
20,198.1,1.99889,1.87687,0.02642,0.00594,0.53476,0.21355,0.11176,0.66285,0.79433,0.58228,0,0,0,0.37672,0.46835,0,0,0,0.5781,2.25957,3.48545,0.03395,0.00111789,0.00111789,0.00111789
21,207.552,2.08486,1.88492,0.0274,0.00659,0.64644,0.13122,0.06869,0.67584,0.80328,0.58228,0,0,0,0.35629,0.46835,0,0,0,0.60101,2.11188,3.47947,0.03066,0.00117324,0.00117324,0.00117324
22,216.223,2.02876,1.81753,0.0258,0.00679,0.67704,0.1208,0.03266,0.68139,0.80716,0.58228,0,0,0,0.33838,0.46835,0,0,0,0.62129,2.23703,3.51287,0.03344,0.00122841,0.00122841,0.00122841
23,224.823,1.99749,1.81122,0.02624,0.00725,0.77596,0.27524,0.10842,0.68957,0.81274,0.58228,0,0,0,0.32478,0.46835,0,0,0,0.62294,2.05385,3.19225,0.03284,0.00128338,0.00128338,0.00128338
24,233.493,1.94238,1.73308,0.02443,0.00754,0.7814,0.3369,0.17535,0.69758,0.81817,0.58228,0,0,0,0.33169,0.46835,0,0,0,0.64001,1.97182,2.9877,0.03226,0.00133815,0.00133815,0.00133815
25,243.144,1.92425,1.72474,0.02477,0.00738,0.79398,0.36855,0.19547,0.70553,0.8235,0.58228,0,0,0,0.34468,0.46835,0,0,0,0.65486,1.86551,2.72266,0.0281,0.00139271,0.00139271,0.00139271
26,252.661,1.92963,1.66447,0.02379,0.55911,0.39147,0.43802,0.22592,0.71334,0.82876,0.58228,0,0,0,0.35886,0.46835,0,0,0,0.6681,1.79212,2.64453,0.02636,0.0014049,0.0014049,0.0014049
27,262.227,1.87521,1.67425,0.02345,0.84929,0.27167,0.44073,0.21748,0.72165,0.83422,0.58228,0,0,0,0.37172,0.46835,0,0,0,0.68323,1.62876,2.32447,0.02231,0.00140294,0.00140294,0.00140294
28,271.516,1.89311,1.6479,0.02358,0.72634,0.34884,0.44329,0.22624,0.72563,0.83689,0.58228,0,0,0,0.39647,0.46835,0,0,0,0.69595,1.94142,2.16081,0.03282,0.00140091,0.00140091,0.00140091
29,281.568,1.91861,1.63334,0.02466,0.93574,0.34296,0.46391,0.2174,0.73096,0.84034,0.58228,0,0,0,0.40839,0.46835,0,0,0,0.70753,1.9816,1.95088,0.03262,0.00139881,0.00139881,0.00139881
30,290.698,1.94675,1.66091,0.02421,0.42612,0.34952,0.4343,0.20432,0.73431,0.84261,0.58228,0,0,0,0.41733,0.46835,0,0,0,0.71613,2.09408,2.04471,0.04142,0.00139663,0.00139663,0.00139663
31,299.592,1.90571,1.59433,0.02401,0.44364,0.40243,0.42874,0.20223,0.73633,0.84398,0.58514,1,0.00684,0.01359,0.4251,0.46835,0,0,0,0.7233,2.05665,1.7852,0.0375,0.00139438,0.00139438,0.00139438
32,308.469,1.93026,1.65306,0.02462,0.55356,0.50368,0.46448,0.20408,0.74039,0.84668,0.58623,1,0.00947,0.01876,0.43356,0.46875,1,0.00074,0.00149,0.73044,2.01455,1.71404,0.03685,0.00139205,0.00139205,0.00139205
33,317.129,1.93992,1.57436,0.02437,0.47713,0.52014,0.43312,0.21934,0.74367,0.84879,0.58611,1,0.00918,0.0182,0.44145,0.47871,1,0.01948,0.03822,0.72303,1.85209,2.10794,0.03079,0.00138965,0.00138965,0.00138965
34,326.008,1.84931,1.48663,0.02192,0.4014,0.51419,0.46946,0.28676,0.7479,0.85148,0.58675,1,0.0107,0.02116,0.44955,0.4799,1,0.02171,0.04249,0.71961,1.56283,1.46078,0.02402,0.00138718,0.00138718,0.00138718
35,336.452,1.83782,1.52976,0.0235,0.46966,0.51383,0.49736,0.2655,0.75181,0.85398,0.59241,1,0.02424,0.04734,0.45741,0.47957,1,0.02109,0.04131,0.71943,1.58896,1.52026,0.02183,0.00138464,0.00138464,0.00138464
36,345.409,1.85934,1.5161,0.02259,0.52166,0.57923,0.54216,0.27628,0.75501,0.85605,0.59494,1,0.0303,0.05882,0.46433,0.47925,1,0.0205,0.04018,0.72363,1.72798,1.44792,0.02699,0.00138202,0.00138202,0.00138202
37,353.91,1.87968,1.4537,0.02187,0.45074,0.45742,0.45637,0.22937,0.75767,0.85777,0.59596,1,0.03276,0.06344,0.47065,0.47964,1,0.02124,0.04159,0.72889,1.75455,1.6145,0.02714,0.00137933,0.00137933,0.00137933
38,362.592,1.8314,1.49691,0.0242,0.43569,0.55567,0.50035,0.26444,0.75941,0.85893,0.60093,1,0.04466,0.0855,0.47727,0.48035,1,0.02256,0.04412,0.73473,1.87555,1.51571,0.03086,0.00137656,0.00137656,0.00137656
39,371.158,1.81974,1.45115,0.02287,0.38351,0.53051,0.45948,0.26926,0.76187,0.86051,0.60695,1,0.05905,0.11152,0.48399,0.48166,1,0.02503,0.04884,0.7398,1.69511,1.51575,0.02454,0.00137373,0.00137373,0.00137373
40,379.95,1.84164,1.451,0.02109,0.56846,0.47601,0.49178,0.26198,0.76326,0.86144,0.60918,1,0.06439,0.121,0.49162,0.48291,1,0.02738,0.0533,0.74572,1.79462,1.44548,0.02452,0.00137082,0.00137082,0.00137082
41,388.75,1.8296,1.43193,0.02207,0.5831,0.5341,0.49592,0.28603,0.76542,0.86283,0.6113,1,0.06948,0.12992,0.49823,0.48564,1,0.03252,0.06299,0.74777,1.67914,1.41336,0.02787,0.00136785,0.00136785,0.00136785
42,397.484,1.73677,1.44086,0.02107,0.55505,0.50875,0.49766,0.20694,0.76649,0.86358,0.61513,1,0.07864,0.14582,0.50504,0.48674,1,0.03458,0.06685,0.74991,2.03762,1.5891,0.03516,0.0013648,0.0013648,0.0013648
43,406.902,1.79544,1.4145,0.02147,0.51023,0.51625,0.5056,0.22298,0.76769,0.86438,0.61731,1,0.08386,0.15475,0.51218,0.48661,1,0.03433,0.06638,0.75569,1.94507,1.70595,0.02954,0.00136168,0.00136168,0.00136168
44,416.69,1.79224,1.41227,0.02241,0.76771,0.42411,0.5011,0.18244,0.76827,0.86481,0.6214,1,0.09366,0.17128,0.51821,0.48619,1,0.03355,0.06492,0.76079,2.09758,1.83557,0.038,0.00135849,0.00135849,0.00135849
45,426.274,1.90083,1.56653,0.02379,0.62046,0.4902,0.55255,0.25317,0.76866,0.86512,0.62166,1,0.09428,0.17231,0.52338,0.48608,1,0.03333,0.06452,0.76405,1.93015,1.50256,0.03537,0.00135523,0.00135523,0.00135523
46,436.257,1.96454,1.62083,0.02491,0.53544,0.43032,0.45179,0.27167,0.76989,0.86585,0.6208,1,0.09223,0.16888,0.52676,0.48597,1,0.03313,0.06413,0.76148,1.61492,1.57179,0.02184,0.0013519,0.0013519,0.0013519
47,446.045,1.79691,1.51621,0.02196,0.59429,0.58642,0.58513,0.32673,0.77201,0.86718,0.62025,1,0.09091,0.16667,0.53145,0.49152,1,0.04357,0.0835,0.75901,1.51411,1.39808,0.02101,0.00134851,0.00134851,0.00134851
48,456.046,1.78784,1.44899,0.02133,0.60999,0.50508,0.53096,0.29529,0.77328,0.86797,0.625,1,0.10227,0.18557,0.53692,0.49209,1,0.04464,0.08547,0.76261,1.63476,1.41864,0.02256,0.00134504,0.00134504,0.00134504
49,464.924,1.78423,1.44199,0.02258,0.51183,0.4701,0.50393,0.26753,0.7746,0.86882,0.62619,1,0.10513,0.19026,0.54358,0.4929,1,0.04616,0.08825,0.76302,1.58963,1.62733,0.02194,0.0013415,0.0013415,0.0013415
50,473.656,1.85457,1.44016,0.02308,0.50854,0.56518,0.54385,0.31807,0.77618,0.86981,0.62633,1,0.10545,0.19079,0.54972,0.49392,1,0.0481,0.09178,0.76792,1.58408,1.36712,0.0239,0.0013379,0.0013379,0.0013379
51,482.509,1.82404,1.42626,0.02065,0.38349,0.49448,0.47875,0.25438,0.77692,0.87028,0.62621,1,0.10517,0.19032,0.55533,0.49342,1,0.04715,0.09006,0.76475,1.73288,1.64418,0.02819,0.00133423,0.00133423,0.00133423
52,491.561,1.75895,1.38842,0.02072,0.52165,0.5538,0.52992,0.25306,0.77671,0.87018,0.62683,0.99459,0.10723,0.19358,0.56125,0.49489,1,0.04991,0.09507,0.76718,2.04922,1.46719,0.03257,0.0013305,0.0013305,0.0013305
53,501.269,1.86759,1.4497,0.02209,0.46239,0.49528,0.44708,0.22219,0.77729,0.87057,0.62837,0.98985,0.11149,0.20041,0.56639,0.49439,1,0.04897,0.09336,0.77041,1.76803,1.68568,0.02881,0.00132669,0.00132669,0.00132669
54,510.975,1.79381,1.48754,0.0222,0.50744,0.53034,0.52417,0.21548,0.77723,0.87056,0.62869,0.9901,0.11223,0.20161,0.5712,0.49719,1,0.05423,0.10289,0.77067,2.12053,1.61921,0.0374,0.00132282,0.00132282,0.00132282
55,520.758,1.78711,1.35693,0.0204,0.50149,0.60319,0.55182,0.27767,0.77791,0.87102,0.63107,0.98624,0.11846,0.21151,0.5754,0.50196,0.93976,0.06753,0.12601,0.76991,1.83212,1.76202,0.0273,0.00131888,0.00131888,0.00131888
56,529.719,1.68653,1.39108,0.02007,0.62103,0.55675,0.56214,0.31437,0.7791,0.87175,0.63427,0.98319,0.12662,0.22435,0.57867,0.50294,0.9422,0.0693,0.12911,0.77012,1.68334,1.34888,0.02554,0.00131488,0.00131488,0.00131488
57,538.824,1.67042,1.32329,0.02068,0.57424,0.54922,0.55433,0.26343,0.77949,0.87203,0.63513,0.98374,0.12865,0.22755,0.58254,0.50633,0.94764,0.07561,0.14004,0.77078,1.90936,1.42184,0.03157,0.00131082,0.00131082,0.00131082
58,548.542,1.71568,1.36547,0.02141,0.54109,0.57786,0.54519,0.3097,0.78037,0.87259,0.63509,0.984,0.12853,0.22736,0.58699,0.50611,0.94819,0.07512,0.13922,0.77398,1.56492,1.38137,0.02255,0.00130668,0.00130668,0.00130668
59,557.419,1.77011,1.43584,0.02045,0.56929,0.59482,0.57542,0.32214,0.781,0.873,0.63634,0.98462,0.13148,0.23199,0.5917,0.50869,0.95192,0.0799,0.14743,0.77737,1.67163,1.35146,0.02465,0.00130249,0.00130249,0.00130249
60,566.161,1.65959,1.27822,0.01949,0.57706,0.58521,0.59138,0.31761,0.78152,0.87336,0.63966,0.97887,0.1404,0.24558,0.5958,0.50907,0.95305,0.08056,0.14855,0.78128,1.71887,1.37651,0.02392,0.00129823,0.00129823,0.00129823
61,574.895,1.67779,1.2535,0.01941,0.61782,0.57454,0.60143,0.33891,0.78226,0.87383,0.64059,0.97952,0.14257,0.24892,0.60016,0.50944,0.95413,0.08119,0.14964,0.78505,1.62343,1.2479,0.02696,0.00129391,0.00129391,0.00129391
62,584.658,1.68409,1.27533,0.01948,0.55867,0.56286,0.54381,0.32785,0.78329,0.87446,0.64394,0.97785,0.15103,0.26164,0.60438,0.51164,0.9569,0.08525,0.15656,0.78736,1.52825,1.33439,0.02336,0.00128952,0.00128952,0.00128952
63,593.381,1.63197,1.30031,0.01947,0.61389,0.57319,0.57146,0.32026,0.78372,0.87475,0.64838,0.97681,0.1621,0.27805,0.60799,0.51517,0.96047,0.09184,0.16764,0.7899,1.69368,1.32137,0.02777,0.00128507,0.00128507,0.00128507
64,602.335,1.64561,1.28208,0.02024,0.57818,0.58789,0.56785,0.32782,0.7845,0.87525,0.65071,0.9779,0.16761,0.28618,0.61193,0.51622,0.96183,0.09375,0.17085,0.793,1.6015,1.28336,0.02165,0.00128057,0.00128057,0.00128057
65,611.496,1.63272,1.25525,0.01823,0.61683,0.59089,0.59693,0.35039,0.78527,0.87575,0.65122,0.97838,0.16876,0.28787,0.6144,0.5186,0.96403,0.09817,0.17819,0.79622,1.54583,1.29709,0.02032,0.00127599,0.00127599,0.00127599
66,621.086,1.63693,1.24817,0.01804,0.6306,0.57896,0.58832,0.31578,0.7857,0.87605,0.6519,0.97889,0.17034,0.29018,0.61613,0.52033,0.96564,0.10137,0.18348,0.79911,1.68511,1.32269,0.02621,0.00127136,0.00127136,0.00127136
67,629.871,1.61855,1.23578,0.01966,0.68131,0.61581,0.64337,0.32367,0.786,0.87625,0.65332,0.97716,0.17413,0.29559,0.61785,0.5205,0.96622,0.10163,0.18392,0.80194,1.75339,1.29232,0.02824,0.00126667,0.00126667,0.00126667
68,639.042,1.61109,1.2335,0.01859,0.60533,0.59418,0.60752,0.33449,0.78653,0.87659,0.65562,0.97585,0.18004,0.30399,0.61916,0.52103,0.967,0.10259,0.1855,0.80354,1.6419,1.26283,0.02259,0.00126192,0.00126192,0.00126192
69,647.716,1.63303,1.24733,0.01886,0.70127,0.56216,0.61628,0.37398,0.78725,0.87705,0.65823,0.97477,0.18665,0.31331,0.62057,0.52394,0.96904,0.10801,0.19435,0.80646,1.51928,1.13748,0.02077,0.00125711,0.00125711,0.00125711
70,658.23,1.57727,1.21121,0.01915,0.62123,0.6257,0.6229,0.34856,0.78771,0.87737,0.66004,0.97357,0.19134,0.31983,0.62359,0.52694,0.97093,0.11361,0.20341,0.80895,1.76666,1.22908,0.02651,0.00125224,0.00125224,0.00125224
71,667.261,1.61788,1.2078,0.01861,0.60744,0.62458,0.61619,0.31134,0.78808,0.87762,0.66197,0.97452,0.1959,0.32623,0.62706,0.53093,0.97051,0.1214,0.2158,0.81127,1.91401,1.32757,0.03137,0.00124731,0.00124731,0.00124731
72,676.157,1.56249,1.19127,0.01861,0.68399,0.55996,0.58373,0.33895,0.78879,0.87807,0.66403,0.97546,0.20076,0.33298,0.63108,0.53463,0.96774,0.12897,0.2276,0.8137,1.59712,1.23579,0.02241,0.00124233,0.00124233,0.00124233
73,685.004,1.58768,1.22011,0.01911,0.64162,0.63039,0.61535,0.34735,0.78947,0.8785,0.66568,0.97624,0.20465,0.33837,0.63432,0.53823,0.96752,0.13601,0.23849,0.81613,1.58649,1.32518,0.0243,0.00123728,0.00123728,0.00123728
74,694.15,1.54563,1.22266,0.01852,0.62319,0.63743,0.61956,0.33021,0.78993,0.87879,0.66678,0.97683,0.20721,0.34189,0.63663,0.54122,0.96916,0.14157,0.24705,0.81868,1.65019,1.36093,0.02866,0.00123219,0.00123219,0.00123219
75,703.59,1.60684,1.14558,0.01962,0.56715,0.59648,0.56937,0.31234,0.79003,0.87886,0.66802,0.97744,0.2101,0.34586,0.6386,0.54481,0.96701,0.14889,0.25805,0.81978,1.81768,1.30258,0.02735,0.00122703,0.00122703,0.00122703
76,712.743,1.61162,1.17663,0.01929,0.6283,0.63563,0.6045,0.3585,0.79071,0.8793,0.67005,0.97822,0.21491,0.3524,0.64131,0.54913,0.96724,0.15727,0.27055,0.82195,1.5053,1.22879,0.02158,0.00122182,0.00122182,0.00122182
77,722.009,1.58705,1.19096,0.01841,0.71757,0.624,0.67104,0.35101,0.79091,0.87945,0.67171,0.97887,0.21881,0.35767,0.64422,0.54907,0.96762,0.15708,0.27028,0.82409,1.78017,1.20009,0.03339,0.00121656,0.00121656,0.00121656
78,730.795,1.64201,1.23167,0.0201,0.7362,0.61483,0.64177,0.35061,0.79141,0.87977,0.67381,0.97959,0.22378,0.36433,0.64668,0.55144,0.96886,0.16148,0.27682,0.82713,1.65287,1.26243,0.02509,0.00121124,0.00121124,0.00121124
79,739.467,1.52774,1.17605,0.01812,0.61977,0.62383,0.62224,0.35421,0.79177,0.88,0.67409,0.9799,0.2244,0.36517,0.6494,0.55456,0.96864,0.16757,0.28571,0.82928,1.58497,1.10804,0.02437,0.00120586,0.00120586,0.00120586
80,748.006,1.515,1.14243,0.01758,0.61712,0.61585,0.64499,0.39942,0.79244,0.88041,0.67642,0.97753,0.23068,0.37328,0.65142,0.55585,0.96944,0.16994,0.28919,0.83119,1.36855,1.15575,0.0179,0.00120044,0.00120044,0.00120044
81,757.992,1.62111,1.18992,0.01967,0.61628,0.60768,0.57239,0.30951,0.79239,0.8804,0.67776,0.97809,0.23382,0.37742,0.65321,0.55884,0.97073,0.17549,0.29724,0.83319,1.79205,1.2296,0.03051,0.00119496,0.00119496,0.00119496
82,767.789,1.62443,1.16729,0.01928,0.61569,0.62927,0.61232,0.30551,0.7923,0.88036,0.6786,0.97853,0.23577,0.37999,0.65554,0.56113,0.97027,0.18002,0.3037,0.83514,1.882,1.27946,0.03582,0.00118943,0.00118943,0.00118943
83,776.826,1.55812,1.15333,0.01787,0.60588,0.5693,0.60908,0.36419,0.7928,0.88068,0.68004,0.97907,0.23914,0.38439,0.65818,0.56306,0.97117,0.18359,0.30881,0.83667,1.53695,1.20996,0.02404,0.00118385,0.00118385,0.00118385
84,785.484,1.56419,1.18447,0.01756,0.65809,0.64403,0.65589,0.38902,0.7934,0.88106,0.68264,0.97983,0.24531,0.39238,0.66099,0.566,0.9723,0.18906,0.31656,0.83779,1.42094,1.16539,0.01905,0.00117821,0.00117821,0.00117821
85,794.157,1.53044,1.14328,0.01825,0.65787,0.58695,0.60011,0.38992,0.79414,0.88152,0.68414,0.98034,0.24884,0.39693,0.66368,0.56873,0.97331,0.19412,0.32368,0.83995,1.39661,1.17341,0.01857,0.00117253,0.00117253,0.00117253
86,802.882,1.56903,1.16447,0.0186,0.69793,0.61204,0.63618,0.33973,0.79439,0.88169,0.68619,0.98093,0.2537,0.40314,0.66631,0.57109,0.97418,0.1985,0.32981,0.84182,1.73772,1.18947,0.02564,0.0011668,0.0011668,0.0011668
87,811.496,1.59684,1.14824,0.01878,0.71745,0.5968,0.63349,0.36742,0.79477,0.88192,0.68733,0.98133,0.25636,0.40652,0.66857,0.57413,0.97392,0.20443,0.33793,0.84351,1.56931,1.1587,0.02361,0.00116102,0.00116102,0.00116102
88,820.004,1.52647,1.14638,0.01825,0.67196,0.63695,0.61492,0.36704,0.79532,0.88226,0.6893,0.98187,0.26102,0.4124,0.6707,0.57753,0.97378,0.21104,0.3469,0.84494,1.51911,1.12041,0.0215,0.00115519,0.00115519,0.00115519
89,828.54,1.51822,1.1101,0.01866,0.63624,0.63805,0.59818,0.33741,0.79554,0.8824,0.69094,0.98111,0.26524,0.41758,0.67258,0.58071,0.97362,0.21723,0.35521,0.84587,1.65518,1.25715,0.0296,0.00114931,0.00114931,0.00114931
90,837.099,1.48091,1.10395,0.01697,0.64364,0.67789,0.62268,0.36381,0.79583,0.88259,0.69255,0.98157,0.26902,0.4223,0.6748,0.58368,0.97454,0.22275,0.36262,0.84748,1.54269,1.09521,0.02436,0.00114339,0.00114339,0.00114339
91,845.722,1.47848,1.09535,0.01694,0.63523,0.66675,0.62235,0.36566,0.79609,0.88276,0.69384,0.98197,0.27206,0.42608,0.67672,0.58576,0.97523,0.22658,0.36773,0.84925,1.57769,1.12597,0.02355,0.00113742,0.00113742,0.00113742
92,854.248,1.49478,1.11032,0.01704,0.67887,0.61641,0.638,0.40416,0.79655,0.88304,0.69524,0.98237,0.27536,0.43015,0.67869,0.58778,0.97588,0.23033,0.3727,0.85108,1.40624,1.01747,0.018,0.0011314,0.0011314,0.0011314
93,863.846,1.4238,1.09605,0.01607,0.64756,0.64307,0.60736,0.37489,0.79689,0.88326,0.6962,0.9827,0.27761,0.43293,0.68044,0.58963,0.97545,0.234,0.37745,0.85247,1.45515,1.07828,0.01832,0.00112534,0.00112534,0.00112534
94,872.654,1.52521,1.11107,0.01672,0.61233,0.67747,0.65197,0.39097,0.79706,0.88337,0.69741,0.98305,0.28046,0.43642,0.68236,0.59278,0.97531,0.24012,0.38537,0.85376,1.5114,1.09151,0.01992,0.00111924,0.00111924,0.00111924
95,881.339,1.4746,1.0543,0.01594,0.69249,0.66388,0.6568,0.40835,0.79754,0.88367,0.69913,0.98346,0.28453,0.44137,0.6841,0.59534,0.97507,0.24511,0.39175,0.85543,1.38183,0.99457,0.01828,0.00111309,0.00111309,0.00111309
96,890.982,1.47564,1.04535,0.01635,0.58856,0.65188,0.65,0.3942,0.79788,0.88387,0.70148,0.98394,0.29009,0.44807,0.68567,0.59599,0.97451,0.24653,0.39351,0.85686,1.45121,1.09931,0.01867,0.0011069,0.0011069,0.0011069
97,899.531,1.49543,1.11228,0.01677,0.66758,0.61089,0.63184,0.37935,0.79811,0.88402,0.70325,0.98433,0.29428,0.4531,0.68791,0.59781,0.9751,0.24988,0.39781,0.85817,1.53219,1.10938,0.02356,0.00110066,0.00110066,0.00110066
98,908.249,1.43728,1.09501,0.01613,0.61077,0.6823,0.60891,0.37175,0.79846,0.88423,0.70421,0.9846,0.29654,0.4558,0.69014,0.60101,0.97415,0.25632,0.40585,0.85877,1.48112,1.19279,0.01978,0.00109439,0.00109439,0.00109439
99,917.268,1.39669,1.03877,0.01612,0.57508,0.63998,0.6285,0.4109,0.7989,0.8845,0.70439,0.98477,0.29691,0.45626,0.69232,0.60338,0.97482,0.2607,0.41139,0.86012,1.39264,0.98736,0.01873,0.00108807,0.00108807,0.00108807
100,926.809,1.43877,1.06907,0.01652,0.5767,0.69772,0.64433,0.42033,0.79923,0.88471,0.70468,0.98495,0.29758,0.45706,0.69384,0.60633,0.97474,0.26643,0.41847,0.86073,1.4187,1.08079,0.01865,0.00108172,0.00108172,0.00108172
101,936.523,1.44796,1.06953,0.01544,0.64182,0.66429,0.66107,0.4079,0.79968,0.88497,0.70548,0.98519,0.29943,0.45927,0.69564,0.60922,0.97466,0.27204,0.42536,0.86198,1.32891,1.04831,0.01659,0.00107532,0.00107532,0.00107532
102,945.304,1.43032,1.0007,0.01553,0.64628,0.64883,0.63085,0.4211,0.80012,0.88525,0.70638,0.98544,0.30154,0.46178,0.69763,0.61157,0.97529,0.27638,0.4307,0.86328,1.36312,1.03509,0.01751,0.00106889,0.00106889,0.00106889
103,955.266,1.43295,1.06556,0.01698,0.59851,0.69675,0.64186,0.34568,0.80016,0.88528,0.70628,0.98556,0.30127,0.46147,0.69946,0.61374,0.9751,0.28063,0.43583,0.86462,1.67509,1.10829,0.02447,0.00106242,0.00106242,0.00106242
104,964.046,1.45306,1.06413,0.01658,0.71743,0.61613,0.66005,0.41998,0.80058,0.88554,0.70704,0.98578,0.30303,0.46356,0.7013,0.61538,0.97559,0.28365,0.43952,0.8657,1.33228,1.0235,0.01656,0.00105591,0.00105591,0.00105591
105,973.189,1.42677,1.07795,0.01617,0.68259,0.65428,0.66135,0.41582,0.80096,0.88577,0.70826,0.98605,0.30592,0.46696,0.70334,0.617,0.97606,0.28662,0.44312,0.86725,1.40291,1.05042,0.01975,0.00104936,0.00104936,0.00104936
106,982.711,1.47988,1.07583,0.01705,0.67609,0.64254,0.65248,0.3718,0.80114,0.88589,0.71029,0.98639,0.31075,0.47261,0.7053,0.6187,0.97581,0.28998,0.4471,0.8684,1.57849,1.14608,0.02338,0.00104278,0.00104278,0.00104278
107,991.834,1.54559,1.09353,0.01776,0.70837,0.64956,0.66656,0.41668,0.80152,0.88612,0.71205,0.98669,0.31492,0.47746,0.70725,0.62061,0.97421,0.29417,0.45189,0.86896,1.34396,1.05233,0.01715,0.00103616,0.00103616,0.00103616
108,1000.91,1.54329,1.11033,0.01713,0.69609,0.66293,0.69854,0.41573,0.80181,0.8863,0.71343,0.98695,0.31818,0.48122,0.70943,0.62201,0.97397,0.29696,0.45514,0.86994,1.48164,0.97627,0.02002,0.00102951,0.00102951,0.00102951
109,1009.61,1.51795,1.05928,0.01658,0.7451,0.59709,0.66681,0.42083,0.80219,0.88654,0.71467,0.98718,0.3211,0.48458,0.71151,0.62362,0.97378,0.30013,0.45884,0.87087,1.32068,1.04898,0.01657,0.00102282,0.00102282,0.00102282
110,1018.45,1.44444,1.09828,0.01591,0.73115,0.63036,0.65216,0.41504,0.80249,0.88671,0.71577,0.98739,0.32369,0.48755,0.71348,0.62601,0.97438,0.30455,0.46405,0.87189,1.37853,1.00988,0.01719,0.0010161,0.0010161,0.0010161
111,1027.43,1.49275,1.09144,0.01615,0.70519,0.65293,0.67489,0.43448,0.80278,0.88688,0.71696,0.98761,0.32651,0.49077,0.71519,0.62789,0.97488,0.30802,0.46813,0.8726,1.32733,0.99242,0.01639,0.00100935,0.00100935,0.00100935
112,1038.57,1.45885,1.0462,0.01604,0.65883,0.63847,0.64652,0.43169,0.8032,0.88713,0.71824,0.98783,0.32955,0.49422,0.7168,0.62997,0.97477,0.31207,0.47279,0.87341,1.28984,1.01824,0.01627,0.00100257,0.00100257,0.00100257
113,1048.5,1.40335,1.05881,0.01488,0.60036,0.67833,0.6422,0.41088,0.80357,0.88736,0.7195,0.98805,0.33253,0.49759,0.71852,0.63224,0.97469,0.31648,0.47781,0.87436,1.38756,1.0695,0.01826,0.000995756,0.000995756,0.000995756
114,1057.13,1.42922,1.02816,0.01545,0.6695,0.68061,0.65647,0.43796,0.804,0.88762,0.72119,0.98753,0.33679,0.50228,0.72053,0.63424,0.97519,0.32018,0.48208,0.87584,1.29623,0.95121,0.01619,0.000988913,0.000988913,0.000988913
115,1067,1.39975,1.02641,0.01513,0.68358,0.68146,0.66948,0.4392,0.80432,0.88781,0.72229,0.98773,0.33939,0.5052,0.72254,0.63588,0.97503,0.3234,0.4857,0.877,1.32478,0.93388,0.01649,0.00098204,0.00098204,0.00098204
116,1077.31,1.40883,0.99058,0.01483,0.63147,0.64627,0.64881,0.40942,0.80464,0.88801,0.7225,0.98785,0.33986,0.50573,0.72415,0.63815,0.97497,0.32779,0.49063,0.87753,1.44865,1.04291,0.01861,0.000975138,0.000975138,0.000975138
117,1085.87,1.40474,1.0117,0.0152,0.73072,0.67339,0.68689,0.43926,0.80503,0.88825,0.72303,0.988,0.3411,0.50712,0.72589,0.64048,0.97493,0.33232,0.49567,0.878,1.3552,1.01567,0.01668,0.000968209,0.000968209,0.000968209
118,1095.64,1.41413,0.97167,0.01571,0.74407,0.70154,0.7085,0.4583,0.80531,0.88843,0.72463,0.98823,0.34489,0.51133,0.72762,0.64214,0.97535,0.33535,0.4991,0.87923,1.40957,0.96886,0.01928,0.000961253,0.000961253,0.000961253
119,1105.38,1.45784,1.01333,0.01589,0.81739,0.60316,0.69518,0.41133,0.80549,0.88854,0.72577,0.98841,0.34759,0.51432,0.72948,0.64397,0.9747,0.33914,0.50319,0.88014,1.51298,1.06932,0.02399,0.00095427,0.00095427,0.00095427
120,1114.51,1.37848,0.99343,0.01489,0.75212,0.64684,0.69387,0.42844,0.80576,0.88871,0.72616,0.98854,0.34848,0.51531,0.73127,0.6462,0.97413,0.34365,0.50807,0.881,1.43708,1.06307,0.01953,0.000947262,0.000947262,0.000947262
121,1123.22,1.38245,1.05011,0.01619,0.6529,0.68221,0.66426,0.4383,0.80617,0.88896,0.72706,0.9887,0.35061,0.51766,0.73279,0.64818,0.97355,0.3477,0.5124,0.88157,1.33587,1.09845,0.01784,0.00094023,0.00094023,0.00094023
122,1131.96,1.3495,0.98329,0.01497,0.73149,0.63648,0.68028,0.4175,0.80652,0.88918,0.72816,0.98887,0.3532,0.5205,0.73429,0.64962,0.97344,0.35051,0.51543,0.8826,1.35948,1.067,0.01856,0.000933173,0.000933173,0.000933173
123,1140.7,1.37226,1.0136,0.01527,0.65874,0.64542,0.65704,0.4156,0.80682,0.88936,0.72831,0.98897,0.35354,0.52087,0.7359,0.65144,0.97339,0.35405,0.51923,0.88334,1.43651,1.0314,0.019,0.000926093,0.000926093,0.000926093
124,1149.49,1.36967,1.01303,0.01539,0.62227,0.66892,0.65709,0.41032,0.80718,0.88958,0.72918,0.98912,0.35557,0.5231,0.7377,0.65292,0.9733,0.35695,0.52234,0.8843,1.41922,1.09575,0.0187,0.000918991,0.000918991,0.000918991
125,1158.1,1.3976,1.0166,0.01509,0.65959,0.65033,0.63797,0.37338,0.80727,0.88965,0.73013,0.98928,0.35782,0.52555,0.73955,0.65357,0.9731,0.35829,0.52374,0.88465,1.6055,1.13763,0.02168,0.000911867,0.000911867,0.000911867
126,1166.77,1.43069,1.03837,0.01539,0.68324,0.68448,0.67935,0.42701,0.80746,0.88977,0.73066,0.9894,0.35907,0.52691,0.74119,0.65431,0.97292,0.35979,0.52531,0.88531,1.43141,0.98806,0.01869,0.000904722,0.000904722,0.000904722
127,1175.46,1.42113,0.99504,0.01522,0.73008,0.62825,0.6904,0.43384,0.80775,0.88994,0.73059,0.98947,0.35886,0.5267,0.74249,0.65613,0.97289,0.36333,0.52907,0.8862,1.34338,0.95585,0.01718,0.000897557,0.000897557,0.000897557
128,1184.11,1.46383,1.00173,0.0164,0.77106,0.63913,0.69988,0.41241,0.80789,0.89003,0.73091,0.98958,0.35961,0.52752,0.74396,0.65773,0.97284,0.36644,0.53236,0.88714,1.53939,0.9748,0.02442,0.000890373,0.000890373,0.000890373
129,1192.8,1.41472,0.96612,0.01591,0.66415,0.62797,0.67447,0.40214,0.80803,0.89012,0.73114,0.98967,0.36011,0.52807,0.74526,0.65941,0.9728,0.36969,0.53578,0.88793,1.4998,1.02527,0.02018,0.00088317,0.00088317,0.00088317
130,1201.72,1.42635,0.98905,0.01554,0.74545,0.62732,0.68924,0.44558,0.80832,0.89029,0.73116,0.98975,0.36014,0.52811,0.74676,0.66134,0.97281,0.37344,0.5397,0.88869,1.37475,0.95266,0.01723,0.00087595,0.00087595,0.00087595
131,1210.87,1.38305,0.97089,0.01584,0.59847,0.66786,0.66772,0.45137,0.80879,0.89058,0.73166,0.98986,0.36132,0.5294,0.74865,0.66325,0.97281,0.37714,0.54355,0.88932,1.26931,1.03969,0.01629,0.000868712,0.000868712,0.000868712
132,1220.08,1.44021,0.98407,0.01574,0.67258,0.64823,0.67239,0.39637,0.80904,0.89073,0.73236,0.98998,0.36295,0.53116,0.75028,0.66504,0.9728,0.38059,0.54713,0.88984,1.38298,1.06907,0.01652,0.000861459,0.000861459,0.000861459
133,1228.87,1.44606,0.98406,0.01577,0.73866,0.64953,0.69758,0.43147,0.8093,0.89088,0.73275,0.99008,0.36386,0.53216,0.75202,0.6667,0.97235,0.384,0.55056,0.89028,1.386,0.96153,0.01692,0.00085419,0.00085419,0.00085419
134,1237.8,1.4148,0.99008,0.01537,0.75413,0.66701,0.70601,0.44322,0.80954,0.89103,0.73314,0.99018,0.36477,0.53314,0.75329,0.66843,0.97277,0.38717,0.55389,0.89085,1.3152,0.95164,0.01606,0.000846907,0.000846907,0.000846907
135,1247.02,1.35015,0.96392,0.01423,0.77586,0.64149,0.7081,0.44708,0.80984,0.89121,0.73343,0.99027,0.36543,0.53386,0.75438,0.67014,0.97318,0.3903,0.55715,0.89178,1.32031,0.90964,0.01765,0.00083961,0.00083961,0.00083961
136,1256.91,1.34394,0.93923,0.01529,0.88909,0.6076,0.71844,0.45941,0.81015,0.89141,0.73399,0.99037,0.36676,0.53528,0.75559,0.672,0.97318,0.39391,0.56082,0.89276,1.36065,0.91056,0.01653,0.0008323,0.0008323,0.0008323
137,1268.47,1.34781,0.95589,0.01489,0.68139,0.71814,0.71279,0.44154,0.81033,0.89152,0.73464,0.99048,0.36828,0.53692,0.75704,0.67347,0.97355,0.39659,0.5636,0.8938,1.49438,0.87921,0.01836,0.000824978,0.000824978,0.000824978
138,1277.25,1.41594,0.91058,0.01531,0.81855,0.62381,0.71259,0.43061,0.81044,0.8916,0.73473,0.99055,0.36847,0.53713,0.75864,0.67529,0.97355,0.4001,0.56713,0.89461,1.49454,0.90767,0.01862,0.000817644,0.000817644,0.000817644
139,1286.15,1.35224,0.92654,0.01441,0.81703,0.65324,0.70866,0.46134,0.81071,0.89176,0.73509,0.99064,0.3693,0.53803,0.76019,0.67708,0.97355,0.40356,0.5706,0.89543,1.31236,0.90201,0.01593,0.0008103,0.0008103,0.0008103
140,1295.7,1.39901,0.94629,0.0145,0.72146,0.70304,0.70755,0.46795,0.811,0.89193,0.73617,0.99077,0.37186,0.54076,0.7616,0.67866,0.97353,0.40663,0.57366,0.89618,1.28209,0.88236,0.01565,0.000802946,0.000802946,0.000802946
141,1305.97,1.36601,0.92519,0.01412,0.77916,0.66973,0.71887,0.44815,0.81123,0.89207,0.73678,0.99087,0.37331,0.5423,0.76302,0.68013,0.9735,0.40949,0.57649,0.89697,1.31036,0.90901,0.01615,0.000795584,0.000795584,0.000795584
142,1316.21,1.35247,0.89929,0.01531,0.83352,0.67959,0.74795,0.45538,0.81143,0.8922,0.7373,0.99097,0.37452,0.5436,0.76462,0.68185,0.97388,0.41264,0.57967,0.89772,1.39255,0.87804,0.0186,0.000788213,0.000788213,0.000788213
143,1325.43,1.36624,0.94162,0.01506,0.75792,0.65389,0.69598,0.45643,0.8117,0.89237,0.73807,0.99107,0.37635,0.54554,0.76621,0.68346,0.97387,0.41575,0.58273,0.89842,1.32218,0.86668,0.018,0.000780835,0.000780835,0.000780835
144,1333.97,1.33371,0.91594,0.01416,0.73506,0.65347,0.69506,0.39464,0.81179,0.89243,0.73857,0.99116,0.37753,0.54678,0.76784,0.68521,0.97388,0.41915,0.58606,0.89906,1.53836,1.03521,0.0208,0.00077345,0.00077345,0.00077345
145,1342.4,1.36194,0.92847,0.01469,0.70459,0.70718,0.70315,0.46621,0.81208,0.89261,0.73924,0.99126,0.3791,0.54845,0.76928,0.68686,0.97387,0.42233,0.58917,0.89992,1.25725,0.95457,0.01546,0.00076606,0.00076606,0.00076606
146,1350.97,1.34392,0.92592,0.01434,0.71257,0.67996,0.71576,0.43539,0.81225,0.89272,0.73973,0.99134,0.38024,0.54965,0.77072,0.68805,0.97418,0.42449,0.59132,0.9008,1.37936,0.9884,0.01996,0.000758665,0.000758665,0.000758665
147,1359.59,1.32152,0.9116,0.0144,0.73509,0.66259,0.71349,0.4271,0.81246,0.89285,0.74003,0.99142,0.38095,0.55041,0.77203,0.6888,0.97407,0.42598,0.59274,0.90159,1.40123,0.9926,0.02121,0.000751266,0.000751266,0.000751266
148,1368.58,1.38882,0.93921,0.01473,0.77889,0.65252,0.70243,0.42126,0.81265,0.89297,0.74059,0.9915,0.38227,0.5518,0.77329,0.68996,0.97402,0.42825,0.59493,0.90219,1.39919,0.95998,0.01766,0.000743864,0.000743864,0.000743864
149,1377.45,1.31941,0.8895,0.01429,0.67855,0.67954,0.69935,0.45204,0.81288,0.89312,0.74131,0.9916,0.38397,0.55358,0.77462,0.69153,0.97402,0.43129,0.59785,0.90267,1.37677,0.95698,0.01745,0.000736459,0.000736459,0.000736459
150,1385.96,1.26889,0.90384,0.01344,0.78969,0.65666,0.7113,0.47253,0.81322,0.89333,0.74143,0.99166,0.38424,0.55387,0.77578,0.69274,0.97398,0.43365,0.60011,0.90311,1.24415,0.90629,0.01523,0.000729052,0.000729052,0.000729052
151,1395.39,1.31454,0.90327,0.01419,0.67036,0.67483,0.68425,0.46994,0.81354,0.89353,0.74139,0.99171,0.38411,0.55374,0.77672,0.69369,0.97424,0.43535,0.60179,0.90372,1.23483,0.93221,0.01464,0.000721645,0.000721645,0.000721645
152,1404.05,1.32598,0.89525,0.01445,0.72125,0.69949,0.69773,0.45298,0.81374,0.89365,0.74176,0.99178,0.38497,0.55465,0.7777,0.69554,0.97427,0.43891,0.60518,0.90417,1.32112,0.94583,0.01736,0.000714238,0.000714238,0.000714238
153,1412.76,1.26365,0.84178,0.0132,0.66976,0.69131,0.70125,0.46791,0.81402,0.89382,0.74253,0.99187,0.38681,0.55657,0.77871,0.69711,0.97427,0.44195,0.60807,0.90462,1.26925,0.90057,0.01553,0.000706831,0.000706831,0.000706831
154,1421.3,1.27959,0.86424,0.01348,0.79957,0.59174,0.6938,0.44767,0.81422,0.89395,0.74297,0.99195,0.38784,0.55765,0.77992,0.69785,0.97418,0.44341,0.60943,0.90514,1.36783,0.92167,0.01678,0.000699426,0.000699426,0.000699426
155,1429.92,1.2954,0.85504,0.01395,0.83407,0.64858,0.6801,0.44946,0.81448,0.89411,0.74292,0.992,0.38768,0.55749,0.78113,0.69922,0.97417,0.44608,0.61195,0.90553,1.27748,0.98527,0.01546,0.000692024,0.000692024,0.000692024
156,1438.81,1.29613,0.88225,0.01463,0.70704,0.65528,0.6819,0.403,0.8145,0.89412,0.7427,0.99204,0.38714,0.55694,0.78234,0.70042,0.97414,0.44841,0.61413,0.90613,1.53678,0.99829,0.02305,0.000684625,0.000684625,0.000684625
157,1447.59,1.30968,0.89814,0.01391,0.67699,0.66007,0.66266,0.44371,0.8148,0.89431,0.74297,0.9921,0.38776,0.55759,0.78366,0.70185,0.97413,0.45117,0.61671,0.90672,1.29085,0.9815,0.01648,0.00067723,0.00067723,0.00067723
158,1456.71,1.24906,0.86852,0.01322,0.73344,0.63877,0.66588,0.42127,0.81497,0.89442,0.74363,0.99218,0.38934,0.55923,0.78478,0.70333,0.97414,0.45404,0.61939,0.90723,1.39787,1.03716,0.01706,0.00066984,0.00066984,0.00066984
159,1465.31,1.31003,0.88312,0.01375,0.66363,0.65378,0.6369,0.43681,0.81527,0.8946,0.74461,0.99227,0.39165,0.56163,0.78575,0.7048,0.97414,0.45687,0.62202,0.90762,1.27693,1.04318,0.0153,0.000662455,0.000662455,0.000662455
160,1473.92,1.31525,0.91545,0.01381,0.60106,0.70358,0.64517,0.43011,0.81545,0.89472,0.74525,0.99235,0.39318,0.56321,0.78675,0.70601,0.97412,0.45923,0.62419,0.90796,1.32754,0.99675,0.01682,0.000655077,0.000655077,0.000655077
161,1482.58,1.26063,0.86705,0.01343,0.65072,0.66064,0.66335,0.42214,0.81563,0.89483,0.74534,0.9924,0.39337,0.56342,0.78778,0.70729,0.9741,0.4617,0.62647,0.90832,1.33483,1.06511,0.0171,0.000647706,0.000647706,0.000647706
162,1491.34,1.2906,0.90073,0.01418,0.73695,0.65515,0.68814,0.44164,0.81581,0.89494,0.7459,0.99247,0.39469,0.56478,0.78888,0.70855,0.97409,0.46414,0.62871,0.90884,1.34679,1.0044,0.01672,0.000640344,0.000640344,0.000640344
163,1500.01,1.29732,0.87974,0.01357,0.69138,0.63345,0.66971,0.43774,0.81601,0.89506,0.74676,0.99256,0.39673,0.56687,0.78997,0.70995,0.97409,0.46684,0.63118,0.90928,1.29123,0.9978,0.01542,0.00063299,0.00063299,0.00063299
164,1508.75,1.30945,0.86148,0.01406,0.74443,0.64396,0.6944,0.46057,0.81622,0.89519,0.7473,0.99263,0.398,0.56819,0.79125,0.71141,0.9741,0.46966,0.63375,0.90968,1.28197,0.97138,0.01523,0.000625646,0.000625646,0.000625646
165,1517.69,1.25224,0.86834,0.01328,0.64358,0.71103,0.7132,0.44732,0.81634,0.89526,0.74737,0.99267,0.39816,0.56836,0.79275,0.71254,0.97408,0.47186,0.63575,0.90999,1.37733,0.92418,0.01717,0.000618312,0.000618312,0.000618312
166,1527.42,1.31274,0.85559,0.01402,0.83755,0.63072,0.72168,0.46438,0.81654,0.89539,0.74714,0.99271,0.39759,0.56778,0.79421,0.71374,0.97407,0.47418,0.63785,0.91022,1.31217,0.89791,0.01652,0.00061099,0.00061099,0.00061099
167,1537.32,1.28852,0.85997,0.01361,0.77024,0.61764,0.69223,0.44,0.81671,0.89549,0.74744,0.99276,0.39829,0.56851,0.79538,0.7147,0.97404,0.47605,0.63953,0.9108,1.32213,0.99682,0.01559,0.00060368,0.00060368,0.00060368
168,1545.95,1.31206,0.88628,0.01402,0.6418,0.67959,0.68291,0.44802,0.81695,0.89564,0.74774,0.99282,0.39899,0.56922,0.79646,0.71557,0.974,0.47775,0.64106,0.91138,1.28367,0.95688,0.01683,0.000596383,0.000596383,0.000596383
169,1554.67,1.29667,0.84227,0.01402,0.64907,0.71216,0.70551,0.4529,0.81714,0.89575,0.74811,0.99288,0.39986,0.57011,0.79725,0.71658,0.97397,0.47971,0.64282,0.91195,1.27578,0.93631,0.01569,0.0005891,0.0005891,0.0005891
170,1563.62,1.23057,0.81232,0.01332,0.64262,0.68438,0.68598,0.4346,0.81728,0.89584,0.74795,0.99291,0.39947,0.56972,0.79802,0.7175,0.97394,0.48151,0.64442,0.91249,1.3433,0.96893,0.0171,0.000581831,0.000581831,0.000581831
